{"cameraMode":{"drawMode":0,"name":"Shaded","section":"Shading Mode"},"sceneLighting":true,"audioPlay":false,"sceneViewState":{"m_AlwaysRefresh":false,"showFog":true,"showSkybox":true,"showFlares":true,"showImageEffects":true,"showParticleSystems":true,"showVisualEffectGraphs":true,"m_FxEnabled":true},"in2DMode":false,"pivot":{"x":3.074509382247925,"y":3.489652156829834,"z":-4.369350910186768},"rotation":{"x":-0.09675943106412888,"y":-0.07785338908433914,"z":0.007592302747070789,"w":-0.9922310709953308},"size":11.094842910766602,"orthographic":false}