{"cameraMode":{"drawMode":0,"name":"Shaded","section":"Shading Mode"},"sceneLighting":false,"audioPlay":false,"sceneViewState":{"m_AlwaysRefresh":false,"showFog":true,"showSkybox":false,"showFlares":true,"showImageEffects":true,"showParticleSystems":true,"showVisualEffectGraphs":true,"m_FxEnabled":true},"in2DMode":false,"pivot":{"x":1.350000023841858,"y":12.199999809265137,"z":-4.130000114440918},"rotation":{"x":0.21684662997722627,"y":0.03309628739953041,"z":-0.007357380352914333,"w":0.9756211042404175},"size":1.5857861042022706,"orthographic":false}